SN,Equipment name,Previous Test date,Test date ,Due date
1,"Multi gas detector, Fire Station",2025-04-03,2025-05-28,2025-07-04
3,"Multi gas detector, Fire Station",,,2025-08-06
4,"Multi gas detector, Fire Station",,,2025-07-25
5,"Multi gas detector, Fire Station",,,2025-11-20
6,"Multi gas detector, Fire Station",,,2025-09-22
7,"Multi gas detector, Fire Station",,,2025-06-30
8,"Multi gas detector CPP, ESP-B CR",,,
9,"Multi gas detector, CHP Adminstative Building ",,,
10,"Multi gas detector Smelter, LCR-3",,,
11,"Multi gas detector CPP, Operation Dept",,,
12,"Multi gas detector, Fire Station",,,
13,"Multi gas detector, Fire Station",,,
14,"Multi gas detector, FRP Cast House ",,,
15,"Multi gas detector, GTC-1",,,
16,"Multi gas detector, CPP MMD ",,,
17,"Multi gas detector, CPP MMD ",,,
18,"Carbon Monoxide (CO), Fire Station",,,
19,"Carbon Monoxide (CO), Fire Station",,,
20,"Carbon Monoxide (CO), Fire Station",,,
21,"Carbon Monoxide (CO), Fire Station",,,
22,"Carbon Monoxide (CO), Fire Station",,,
23,"Carbon Monoxide (CO), Fire Station",,,
24,"Carbon Monoxide (CO), Fire Station",,,
25,"Hydrogen Fluoride (HF), Fire Station",,,
26,"Sulfur Dioxide (SO2), Fire Station",,,
27,"Sulfur Dioxide (SO2), Fire Station",,,
28,"Sulfur Dioxide (SO2), Fire Station",,,
29,"Sulfur Dioxide (SO2), Fire Station",,,
30,"Chlorine (CL2), Fire Station",,,
